id;matricule;nom;prenom;adress;ville;pays;telephone;email;date_de_naissance;genre;type_de_paiement
1;navigating;infomediaries navigate Somalia;calculate;wireless Salad Tools;productize Refined indexing;standardization Specialist;366-589-7815 x501;Makenzie.Cartwright@hotmail.com;2023-05-04;FEMME;CHEQUE
2;drive Verde Implementation;matrix Product;mindshare envisioneer synthesize;input Sleek;Producer Dakota calculate;Customizable Investment Gloves;1-491-788-7744 x2962;Laurie.Maggio6@hotmail.com;2023-05-04;FEMME;TRAITE
3;Games auxiliary FTP;Buckinghamshire;JBOD Swedish;dynamic;fresh-thinking;Fish;(992) 961-3226 x85936;Furman_Terry@hotmail.com;2023-05-04;FEMME;TRAITE
4;out-of-the-box;orchid;Afghanistan Ergonomic Architect;1080p;Analyst Principal Springs;iterate withdrawal;938-311-9545;Green.Lemke44@hotmail.com;2023-05-04;HOMME;CHEQUE
5;Crest Bedfordshire;Utah Future;Saint lime Tennessee;withdrawal Communications Saint;Identity;Electronics override;268.848.4903;Waylon_Senger@hotmail.com;2023-05-04;HOMME;ESPECE
6;reinvent;generating interface Integration;Industrial matrix Towels;Dollar incubate Iceland;Market;circuit methodologies microchip;1-205-310-5809;Albert_Dooley14@hotmail.com;2023-05-04;HOMME;CHEQUE
7;Rustic Programmable Connecticut;SMTP Berkshire;Concrete technologies Borders;Handmade convergence;Object-based Internal;Cambridgeshire navigate;(777) 342-4602 x162;Maude44@hotmail.com;2023-05-04;HOMME;CHEQUE
8;red;Adaptive Pound Dynamic;virtual Product Canyon;Director Operative United;Up-sized Wooden;Shoes;306-959-0385 x771;Eve10@yahoo.com;2023-05-04;FEMME;ESPECE
9;Kingdom;initiative;Mexico;array International compressing;Plastic Quality;Regional Practical;(365) 256-9207;Amara33@gmail.com;2023-05-04;FEMME;ESPECE
10;COM;override;XML Progressive;actuating reinvent;Intelligent Cambridgeshire Principal;Awesome Creative;270-418-2934 x3236;Velva_Heller@hotmail.com;2023-05-04;HOMME;CHEQUE
