id;nom;prenom;cin;adress;ville;pays;telephone;email;grade;spetialite;type_de_contrat;date_contrat;genre
1;Salad;Mouse area green;Liaison quantify alarm;Team-oriented Rubber leading-edge;SMTP;Avon Maryland Assistant;757.931.9761 x44150;Noble_Huels98@yahoo.com;Maine neural;Generic Upgradable Assurance;CDD;2023-05-09;FEMME
2;engineer;Oregon Outdoors Progressive;incubate;Fresh;mesh;Tactics logistical;927-934-5063 x25139;Jensen.Halvorson@yahoo.com;Gloves;Wooden South;CDD;2023-05-09;FEMME
3;fault-tolerant Ergonomic Executive;data-warehouse;Public-key;Plastic;blue Keyboard;North Tuna;(707) 473-3849;Stephanie_Heathcote25@hotmail.com;Interactions Sports Total;1080p bypassing;CDI;2023-05-09;HOMME
4;Music Borders synergize;Personal;Metal Bedfordshire orchid;Curve strategic;Self-enabling Officer;Advanced green silver;497-631-6248 x357;Bobby51@hotmail.com;HTTP;deposit;CDD;2023-05-09;HOMME
5;encompassing;Highway;value-added;1080p Handcrafted;Configuration IB;expedite California;1-512-473-1084;Madge65@gmail.com;Keyboard monitor Kansas;Associate Pizza calculating;CDD;2023-05-09;HOMME
6;Chips Developer Grocery;Northern;navigating Buckinghamshire;payment redundant Lek;Producer payment;drive customized bypass;776-371-8250;Jesse97@hotmail.com;Response Coordinator optimize;emulation metrics calculating;CDI;2023-05-09;HOMME
7;Shirt;Frozen Plastic logistical;Communications e-business Shoes;yellow eco-centric quantifying;input system Cambridgeshire;reboot Arizona;1-522-397-3630;Stephany68@gmail.com;Pierre;blockchains payment;CDI;2023-05-09;FEMME
8;plug-and-play;Sausages;state Mississippi;Intranet streamline;solutions Dynamic;Car invoice Sports;688-920-1596 x76663;Marcel_Zieme38@hotmail.com;Developer Analyst;Virginia generating;CDD;2023-05-09;FEMME
9;open-source withdrawal;Expanded Identity;Outdoors;Persistent;Bacon;Sleek;1-873-835-4843 x1935;Lysanne.Rogahn@yahoo.com;local Soap;Virginia;CDD;2023-05-09;HOMME
10;Gorgeous internet invoice;West Outdoors Cambridgeshire;1080p;compress Soft payment;e-enable;Pound bluetooth;(530) 910-5492 x8696;Tanya93@gmail.com;Loan overriding;SMTP model calculating;CDD;2023-05-09;FEMME
